pulse_index,dt_us,wall_time,monotonic
1,2229541,1783984376.3267732,108498.404923147
2,4921096,1783984381.2483888,108503.326538667
3,2603746,1783984383.8523316,108505.930481098
4,1271957,1783984385.1244917,108507.202641438
5,4878727,1783984390.0036263,108512.081775805
6,3338204,1783984393.342845,108515.420994591
7,167,1783984393.3430712,108515.421220617
8,5545878,1783984398.888806,108520.966955731
9,6464803,1783984405.3542418,108527.432391363
10,1818005,1783984407.1725852,108529.250734767
11,234631,1783984407.4071403,108529.485289803
12,9786478,1783984417.1946068,108539.272756513
13,473107,1783984417.6677513,108539.745901112
14,1656668,1783984419.3246963,108541.402845924
15,1328345,1783984420.653776,108542.731925485
16,169,1783984420.654044,108542.732193457
17,169427,1783984420.8226378,108542.900787394
18,762125,1783984421.584948,108543.663097875
19,10253459,1783984431.8394437,108553.917593261
20,120920,1783984431.9604528,108554.038602747
21,376156,1783984432.3364081,108554.414557533
22,4725030,1783984437.0619369,108559.140086402
23,8497301,1783984445.5607064,108567.638855969
24,171,1783984445.5608377,108567.638987049
25,1316011,1783984446.8763726,108568.954522066
26,2967437,1783984449.8441231,108571.922272726
27,907026,1783984450.7510767,108572.829226841
28,842253,1783984451.5934923,108573.671641879
29,3605255,1783984455.1991768,108577.277326175
30,827077,1783984456.026897,108578.105046498
31,161,1783984456.0270593,108578.105208838
32,1637115,1783984457.6636734,108579.741823035
33,4144186,1783984461.8083024,108583.886451856
34,3088765,1783984464.8980963,108586.976245899
35,171,1783984464.8982935,108586.976443061
36,2228674,1783984467.1263695,108589.20451911
37,2530348,1783984469.657002,108591.73515158
38,5871416,1783984475.5288453,108597.60699498
39,2188936,1783984477.7179582,108599.796107717
40,1148390,1783984478.866429,108600.944578734
41,5042400,1783984483.9092927,108605.987442503
42,4804265,1783984488.7139883,108610.792137941
43,3410306,1783984492.1245823,108614.202731962
44,126698,1783984492.2512147,108614.329364555
45,629448,1783984492.880687,108614.958836634
46,4004687,1783984496.8857777,108618.963927223
47,2214282,1783984499.101052,108621.179201603
48,172,1783984499.101175,108621.179324381
49,6322622,1783984505.4235654,108627.501714958
50,359386,1783984505.7829344,108627.861084137
51,2760389,1783984508.5436232,108630.621772665
52,3045728,1783984511.5896137,108633.667763112
53,3902844,1783984515.4928787,108637.571028326
54,5884077,1783984521.3773453,108643.455494832
55,1579691,1783984522.9571288,108645.035278862
56,3064937,1783984526.022424,108648.100573988
57,2005647,1783984528.0281813,108650.106330771
58,6020770,1783984534.0493379,108656.127487383
59,1514111,1783984535.5636206,108657.641770166
60,3081876,1783984538.64591,108660.724059607
61,8408974,1783984547.0554647,108669.133614446
62,8928977,1783984555.9857452,108678.063894602
63,149,1783984555.9859416,108678.064091243
64,1132499,1783984557.1178384,108679.195988091
65,2740500,1783984559.8584654,108681.936615035
66,8258626,1783984568.117678,108690.19582799
67,6090694,1783984574.2088487,108696.286998062
68,2679491,1783984576.8885863,108698.966735743
69,2437320,1783984579.3260705,108701.404219997
70,9619024,1783984588.9457004,108711.023850009
71,1708588,1783984590.6544433,108712.732592832
72,3019837,1783984593.6745148,108715.752664199
73,1012812,1783984594.6873546,108716.765504299
74,1614814,1783984596.3023212,108718.380470866
75,997948,1783984597.3001757,108719.378325171
76,2947636,1783984600.2480721,108722.326221745
77,676101,1783984600.9242098,108723.002359508
78,63037,1783984600.987164,108723.065313684
79,11340226,1783984612.328493,108734.406642719
80,1328634,1783984613.6571,108735.735249605
81,7233114,1783984620.8906782,108742.96882793
82,3342645,1783984624.2336516,108746.311801312
83,682364,1783984624.915819,108746.993969144
84,639177,1783984625.5550706,108747.633220641
85,2118360,1783984627.6736922,108749.751841857
86,5676634,1783984633.350732,108755.428882158
87,523690,1783984633.8743203,108755.952469963
88,250209,1783984634.1245213,108756.202670713
89,2798189,1783984636.9229789,108759.001128351
90,1357302,1783984638.2803926,108760.358542218
91,183604,1783984638.463945,108760.542094485
92,7164595,1783984645.629035,108767.707184529
93,915001,1783984646.5439718,108768.622121399
94,2329793,1783984648.8740344,108770.952183927
95,6179683,1783984655.054232,108777.132381403
96,1650701,1783984656.7049208,108778.783070506
97,10142886,1783984666.8484395,108788.926589027
98,1226120,1783984668.0746372,108790.152786649
99,6007100,1783984674.0828886,108796.161038289
100,154,1783984674.0830898,108796.161239471
101,7819681,1783984681.9024365,108803.98058631
102,1932176,1783984683.8347352,108805.91288459
103,5544638,1783984689.3797278,108811.457877652
104,631698,1783984690.0113668,108812.089516474
105,623860,1783984690.6351502,108812.713299642
106,1691601,1783984692.3278096,108814.405958987
107,166,1783984692.3280807,108814.406230051
108,4850843,1783984697.1783164,108819.256465856
109,2090939,1783984699.2693884,108821.347538102
110,348110,1783984699.617416,108821.695565402
111,4725769,1783984704.3435957,108826.421745271
112,810364,1783984705.1538458,108827.231995259
113,3455800,1783984708.6098962,108830.688046374
114,644966,1783984709.254911,108831.333060607
115,747822,1783984710.0028002,108832.080949689
116,7027175,1783984717.0303817,108839.108531188
117,375386,1783984717.4058414,108839.483991104
118,361312,1783984717.7671785,108839.845327925
119,11001661,1783984728.7695167,108850.847666475
120,6319259,1783984735.089793,108857.167942654
121,166,1783984735.0900235,108857.168172856
122,684706,1783984735.7745636,108857.852713251
123,164,1783984735.774724,108857.852873483
124,4629591,1783984740.4039223,108862.482072096
125,198203,1783984740.6019711,108862.680120693
126,3811679,1783984744.4140956,108866.492245016
127,1203889,1783984745.6180556,108867.696205327
128,6767059,1783984752.3853703,108874.463520014
129,1668409,1783984754.053798,108876.131947595
130,1081343,1783984755.1351976,108877.213347176
131,1055512,1783984756.1907637,108878.268913288
132,10104148,1783984766.295601,108888.373750559
133,6663749,1783984772.9595647,108895.037714349
134,3731394,1783984776.691203,108898.769352646
135,4107769,1783984780.7991343,108902.877283804
136,298514,1783984781.0975134,108903.175663125
137,4147336,1783984785.2451863,108907.323335917
138,4913928,1783984790.1592968,108912.237446261
139,1192344,1783984791.351798,108913.429947626
140,4245436,1783984795.5972874,108917.675437028
141,4388437,1783984799.9859462,108922.064095786
142,3366137,1783984803.353107,108925.431256381
143,165,1783984803.3532321,108925.431381746
144,4009923,1783984807.3625052,108929.440654906
145,786400,1783984808.1489718,108930.227121298
146,2803233,1783984810.9525213,108933.03067078
147,6654500,1783984817.607105,108939.685254679
148,230210,1783984817.8372386,108939.915388145
149,2989718,1783984820.8272088,108942.905358202
150,2150316,1783984822.9776216,108945.055771163
151,133599,1783984823.11111,108945.189259382
152,1557568,1783984824.669008,108946.747157497
153,2524316,1783984827.1934092,108949.271558771
154,4644756,1783984831.8382459,108953.916395558
155,81293,1783984831.9194033,108953.997552892
156,914420,1783984832.8340151,108954.912164662
157,1752091,1783984834.586152,108956.664301767
158,4410425,1783984838.9976234,108961.075773108
159,149,1783984838.9977584,108961.075907862
160,697570,1783984839.6946843,108961.772833833
161,242685,1783984839.9372804,108962.015430098
162,2428605,1783984842.3660743,108964.444223832
163,3271846,1783984845.6379614,108967.716111127
164,6153448,1783984851.79258,108973.870729364
165,158,1783984851.7927718,108973.8709212
166,259502,1783984852.0512807,108974.129430106
167,2593106,1783984854.6453412,108976.723490764
168,165,1783984854.6454668,108976.723616288
169,118452,1783984854.7630503,108976.841199885
170,515861,1783984855.278942,108977.357091945
171,4295121,1783984859.5743225,108981.652472041
172,2444319,1783984862.018775,108984.096924673
173,1088718,1783984863.1075253,108985.185675043
174,133176,1783984863.2406862,108985.3188356
175,1051134,1783984864.291943,108986.370092844
176,954832,1783984865.2467215,108987.324871147
177,2148174,1783984867.395154,108989.473303577
178,3700353,1783984871.0963883,108993.174538278
179,162,1783984871.0965989,108993.174748386
180,2277989,1783984873.3739364,108995.45208587
181,13292640,1783984886.666985,109008.74513467
182,7859887,1783984894.5271163,109016.605265809
183,1285717,1783984895.8129694,109017.891119093
184,2113072,1783984897.9261832,109020.004332894
185,1996023,1783984899.9222796,109022.000429169
186,1424313,1783984901.346629,109023.424778648
187,2975818,1783984904.3226202,109026.400769963
188,3114163,1783984907.4367363,109029.514885882
189,19067916,1783984926.5057387,109048.583888298
190,1713503,1783984928.2191877,109050.29733724
191,2239243,1783984930.4583764,109052.536526018
192,503095,1783984930.9614284,109053.039578035
193,1221824,1783984932.1833148,109054.261464287
194,8791856,1783984940.9754462,109063.053595975
195,328419,1783984941.3039896,109063.382139262
196,2151391,1783984943.4552898,109065.533439322
197,4685837,1783984948.1413507,109070.219500106
198,2544675,1783984950.68618,109072.764329667
199,9014690,1783984959.7012858,109081.779435457
200,1101387,1783984960.8025262,109082.880675834
201,1896210,1783984962.6987972,109084.776946906
202,304575,1783984963.0033047,109085.081454349
203,2671008,1783984965.674509,109087.752658633
204,10840063,1783984976.515026,109098.593175754
205,10280119,1783984986.7962387,109108.874388097
206,145,1783984986.7963665,109108.874515695
207,1935139,1783984988.7306933,109110.808842958
208,4107051,1783984992.8379862,109114.91613585
209,783953,1783984993.6218266,109115.699976021
210,8756738,1783985002.3789806,109124.45713028
211,3494890,1783985005.873884,109127.952033576
212,2119339,1783985007.994069,109130.072218619
213,163,1783985007.9942083,109130.072357596
214,7083833,1783985015.0774908,109137.155640346
215,1035121,1783985016.1126883,109138.190837913
216,716146,1783985016.8287597,109138.906909192
217,1037147,1783985017.866045,109139.944194567
218,185502,1783985018.0514016,109140.129551249
219,2786117,1783985020.8377676,109142.915917198
220,4088685,1783985024.926497,109147.004646708
221,3901805,1783985028.8291862,109150.907335894
222,161,1783985028.8293445,109150.90749412
223,1197403,1783985030.0260668,109152.104216127
224,1282254,1783985031.3083613,109153.386510865
225,1042193,1783985032.3505533,109154.428702887
226,950654,1783985033.3011456,109155.379295176
227,2457478,1783985035.7587779,109157.836927297
228,1117513,1783985036.876349,109158.95449841
229,6679802,1783985043.5563543,109165.634503664
230,653429,1783985044.209751,109166.287900357
231,622852,1783985044.8325386,109166.910688135
232,2472034,1783985047.30476,109169.382909576
233,6504709,1783985053.8096929,109175.887842591
234,442064,1783985054.2516522,109176.329801954
235,2438723,1783985056.6905973,109178.768747423
236,516194,1783985057.2067397,109179.284889228
237,239091,1783985057.4457664,109179.523916051
238,300638,1783985057.7464538,109179.82460337
239,200451,1783985057.9469483,109180.025097816
240,3814238,1783985061.7612796,109183.839429072
241,1621849,1783985063.3832235,109185.461372942
242,5326682,1783985068.7100008,109190.788150018
243,1247946,1783985069.95808,109192.036230182
244,74464,1783985070.0322537,109192.11040377
245,16064,1783985070.0484653,109192.126614935
246,11771515,1783985081.820455,109203.898604789
247,1718227,1783985083.5386233,109205.616772913
248,10939198,1783985094.478201,109216.556350938
249,1100320,1783985095.57845,109217.656599396
250,938921,1783985096.517352,109218.595501858
251,1153372,1783985097.6708138,109219.74896328
252,790852,1783985098.46165,109220.53979958
253,1768867,1783985100.2305737,109222.308723153
254,5470607,1783985105.701451,109227.779600621
255,1806324,1783985107.5077221,109229.585871828
256,283559,1783985107.7912633,109229.869412917
257,667706,1783985108.4589367,109230.537086238
258,61491,1783985108.5203106,109230.59845999
259,4233725,1783985112.7543795,109234.832529105
260,1477228,1783985114.2317145,109236.30986469
261,4913872,1783985119.1456904,109241.223840248
262,2034392,1783985121.1801453,109243.258294621
263,265424,1783985121.4454384,109243.5235881
264,2338377,1783985123.7840774,109245.862226855
265,5816715,1783985129.6007688,109251.678918349
266,9993376,1783985139.5943859,109261.672535626
267,2602727,1783985142.197146,109264.275295553
268,4036573,1783985146.2339575,109268.312107297
269,263679,1783985146.497529,109268.575678758
270,189810,1783985146.6880224,109268.766171882
271,161,1783985146.6881564,109268.76630573
272,28485,1783985146.7161098,109268.794259478
273,7348769,1783985154.0650215,109276.143171028
274,1684492,1783985155.7495205,109277.827670221
275,1819037,1783985157.5685556,109279.646705117
276,1165685,1783985158.7342575,109280.812407053
277,1861383,1783985160.5957024,109282.673852025
278,361061,1783985160.9566867,109283.034836357
279,4672678,1783985165.629532,109287.707681699
280,3288348,1783985168.9179718,109290.996121734
281,393070,1783985169.310949,109291.38909878
282,802251,1783985170.113233,109292.191382767
283,1694625,1783985171.8080657,109293.886215199
284,2290976,1783985174.099114,109296.177263557
285,2374937,1783985176.4740217,109298.552171361
286,1931257,1783985178.4052956,109300.48344532
287,1282980,1783985179.6883485,109301.766498128
288,5607622,1783985185.2961357,109307.374285328
289,3043785,1783985188.3399549,109310.418104546
290,883036,1783985189.2229812,109311.301130551
291,4991606,1783985194.214744,109316.292893639
292,32466,1783985194.2470183,109316.325167739
293,2769584,1783985197.0168035,109319.094953322
294,4448220,1783985201.4651513,109323.543300906
295,1384183,1783985202.8493419,109324.927491505
296,195696,1783985203.044929,109325.123078526
297,47471,1783985203.0922923,109325.170441877
298,437277,1783985203.5297463,109325.607895796
299,1190014,1783985204.719867,109326.798016518
300,7025001,1783985211.7450452,109333.823194821
301,111900,1783985211.8568747,109333.935024429
302,2244356,1783985214.1013155,109336.179465151
303,695788,1783985214.7970498,109336.875199423
304,2525499,1783985217.3226578,109339.400807384
305,5644108,1783985222.96693,109345.045079691
306,1879649,1783985224.8474445,109346.925594225
307,157,1783985224.847659,109346.92580849
308,15983096,1783985240.8303792,109362.908528997
309,1100904,1783985241.9310205,109364.009170033
310,4265043,1783985246.196133,109368.274282486
311,307611,1783985246.5037377,109368.58188706
312,17380223,1783985263.8852336,109385.963383329
313,166,1783985263.8853595,109385.963509106
314,921610,1783985264.8060267,109386.884176362
315,11623061,1783985276.429631,109398.507780582
316,3707857,1783985280.1374538,109402.215603386
317,18645462,1783985298.7832434,109420.861393194
318,2155943,1783985300.9391475,109423.017297231
319,1775606,1783985302.7148373,109424.792986877
320,1303786,1783985304.018623,109426.09677285
321,2235240,1783985306.2540042,109428.332153874
322,221855,1783985306.4756463,109428.553795713
323,1685495,1783985308.1612718,109430.239421392
324,2308919,1783985310.4702585,109432.54840796
325,6349925,1783985316.8203037,109438.898453193
326,256112,1783985317.0762892,109439.154438831
327,2063808,1783985319.1402278,109441.218377549
328,211016,1783985319.3512075,109441.429357026
329,2188827,1783985321.5401006,109443.618250266
330,2688307,1783985324.2285256,109446.306675113
331,1227464,1783985325.4558897,109447.534039204
332,761241,1783985326.2171676,109448.295317222
333,2022896,1783985328.2400944,109450.318244139
334,203683,1783985328.444485,109450.522634449
335,162,1783985328.444612,109450.52276145
336,4912738,1783985333.3567913,109455.434940899
337,87209,1783985333.4439194,109455.522069126
338,1058860,1783985334.502999,109456.581148603
339,4067685,1783985338.570688,109460.648837566
340,942578,1783985339.5131304,109461.591280171
341,5997564,1783985345.5109506,109467.589100368
342,3927033,1783985349.4379618,109471.516111224
343,1414930,1783985350.8530092,109472.931158816
344,4579050,1783985355.4320705,109477.510220029
345,218702,1783985355.650687,109477.728836999
346,3089377,1783985358.7401984,109480.818347999
347,149700,1783985358.8898501,109480.967999722
348,1544620,1783985360.4345102,109482.512659797
349,2291729,1783985362.726295,109484.804444695
350,180169,1783985362.9063447,109484.98449469
351,7533855,1783985370.4404564,109492.518605879
352,1194653,1783985371.635182,109493.713331501
353,3990231,1783985375.6262228,109497.704372644
354,160,1783985375.626365,109497.704514257
355,9698,1783985375.6350577,109497.713207791
356,3821252,1783985379.4566374,109501.534787135
357,10172849,1783985389.629694,109511.707843445
358,2803717,1783985392.4333136,109514.511463227
359,814345,1783985393.2476473,109515.325796898
360,6123036,1783985399.3708131,109521.4489628
361,323202,1783985399.6939929,109521.772142409
362,2784694,1783985402.4787853,109524.556934866
363,281183,1783985402.7599347,109524.838084466
364,8829584,1783985411.5896354,109533.667784933
365,10084833,1783985421.674795,109543.752945065
366,1093897,1783985422.7685428,109544.846692676
367,650208,1783985423.41868,109545.49682961
368,2267995,1783985425.687562,109547.765711547
369,148,1783985425.6877568,109547.765906357
370,28974,1783985425.7156897,109547.793839161
371,189150,1783985425.9051135,109547.983263016
372,3967312,1783985429.8725042,109551.950653971
373,4928514,1783985434.801283,109556.879432363
374,327086,1783985435.1281507,109557.206300414
375,10187406,1783985445.3158083,109567.393957795
376,1606705,1783985446.922427,109569.000576433
377,203970,1783985447.1265106,109569.204660232
378,2271410,1783985449.3977468,109571.475896152
379,1837561,1783985451.2353814,109573.313530832
380,1748559,1783985452.9839413,109575.06209104
381,1729586,1783985454.7135646,109576.791714269
382,9889437,1783985464.6031964,109586.681346107
383,181966,1783985464.7850163,109586.86316599
384,656092,1783985465.441114,109587.519263478
385,63503,1783985465.5045476,109587.582697132
386,105593,1783985465.6102536,109587.688403099
387,144094,1783985465.754255,109587.83240459
388,890137,1783985466.6446776,109588.722827391
389,114764,1783985466.75933,109588.837479704
390,77514,1783985466.836687,109588.914836811
391,8571328,1783985475.4084873,109597.486637069
392,1314824,1783985476.7231984,109598.801348041
393,1184127,1783985477.9072218,109599.985371291
394,399800,1783985478.3077896,109600.385939269
395,165,1783985478.3079264,109600.386076053
396,2895244,1783985481.2025774,109603.280726898
397,1664119,1783985482.8668325,109604.944982071
398,5337354,1783985488.2048936,109610.283043359
399,159,1783985488.2050214,109610.28317081
400,15047695,1783985503.2522056,109625.330355252
401,4305090,1783985507.5581217,109629.636271369
402,161,1783985507.5583675,109629.636517026
403,553352,1783985508.1107366,109630.188886113
404,722164,1783985508.8328903,109630.911039861
405,2459568,1783985511.2925522,109633.370701759
406,1571246,1783985512.8639536,109634.94210324
407,1301384,1783985514.1652095,109636.243359227
408,811192,1783985514.9764097,109637.054559442
409,6897714,1783985521.8742373,109643.952386665
410,2610689,1783985524.4850073,109646.56315703
411,1349302,1783985525.834251,109647.912400483
412,1894115,1783985527.728438,109649.806587547
413,9456386,1783985537.184943,109659.263092496
414,26075,1783985537.2107873,109659.288937077
415,2340050,1783985539.5512772,109661.629426603
416,3974287,1783985543.5254338,109665.603583384
417,1027181,1783985544.5526278,109666.630777393
418,599240,1783985545.1517694,109667.229919099
419,1754316,1783985546.9061952,109668.984344792
420,4496542,1783985551.4027927,109673.480942512
421,6383435,1783985557.7862265,109679.864376078
422,2992742,1783985560.7790542,109682.857203705
423,702044,1783985561.4810164,109683.559165913
424,1630387,1783985563.1115227,109685.189671996
425,6978012,1783985570.0895576,109692.167707286
426,308134,1783985570.3976967,109692.475846318
427,1934415,1783985572.3321493,109694.410298722
428,2604777,1783985574.9369957,109697.015145426
429,1181219,1783985576.1181397,109698.19628928
430,994912,1783985577.1137624,109699.191911738
431,163,1783985577.1138985,109699.192047921
432,4607762,1783985581.721306,109703.799455551
433,1287266,1783985583.0083714,109705.086520922
434,671458,1783985583.6797793,109705.75792889
435,2064374,1783985585.744224,109707.822373627
436,245020,1783985585.9900665,109708.068216068
437,161,1783985585.9902453,109708.068394793
438,279851,1783985586.2692323,109708.347381859
439,1497238,1783985587.7665555,109709.844705265
440,3713997,1783985591.4805353,109713.558684804
441,5962558,1783985597.4432192,109719.52136889
442,5926448,1783985603.3696873,109725.447836825
443,49214,1783985603.4187338,109725.496883258
444,360317,1783985603.7791355,109725.857285029
445,5578866,1783985609.3581183,109731.436267899
446,4961469,1783985614.319705,109736.397854892
447,319329,1783985614.6391232,109736.717272866
448,1028116,1783985615.6680124,109737.746161933
449,150,1783985615.6682158,109737.746365239
450,1478446,1783985617.1457324,109739.223881943
451,338205,1783985617.4838853,109739.562034983
452,1864099,1783985619.3480585,109741.42620798
453,3974375,1783985623.3225348,109745.400684609
454,1429146,1783985624.7515523,109746.829701929
455,740920,1783985625.492439,109747.570588676
456,2765509,1783985628.2580836,109750.336233052
457,3048894,1783985631.3070285,109753.385178037
458,540782,1783985631.8477125,109753.925862109
459,6053011,1783985637.9008176,109759.978967239
460,3048936,1783985640.949801,109763.027950462
461,5260181,1783985646.2100027,109768.288152217
462,8664023,1783985654.8740695,109776.952219023
463,4668342,1783985659.542618,109781.62076756
464,4904157,1783985664.4467275,109786.524876963
465,189315,1783985664.6360056,109786.714155194
466,1835198,1783985666.4714775,109788.549627215
467,3947082,1783985670.4191642,109792.497313721
468,150,1783985670.4193323,109792.497481854
469,2846637,1783985673.2651732,109795.343322906
470,1932358,1783985675.1975737,109797.275723195
471,7936032,1783985683.1336586,109805.211808142
472,435397,1783985683.5690458,109805.647195443
473,716707,1783985684.285678,109806.36382738
474,8616269,1783985692.9021187,109814.980268261
475,152309,1783985693.0542977,109815.132447056
476,1701078,1783985694.7555852,109816.833735179
477,911548,1783985695.667028,109817.745177523
478,3760027,1783985699.4271452,109821.505294963
479,2363293,1783985701.7904456,109823.868595148
480,1764092,1783985703.5546038,109825.632753223
481,3303290,1783985706.8586686,109828.936818058
482,161,1783985706.8587933,109828.936942733
483,2925186,1783985709.7832446,109831.861394235
484,564013,1783985710.3474278,109832.425577483
485,2091155,1783985712.4386725,109834.516822704
486,2595817,1783985715.0343523,109837.112501918
487,345989,1783985715.3802583,109837.458407949
488,171054,1783985715.5512364,109837.629385791
489,3267808,1783985718.819978,109840.898127594
490,143,1783985718.820117,109840.898266301
491,2222973,1783985721.0423427,109843.120492401
492,12543124,1783985733.585597,109855.663746506
493,3391389,1783985736.9769502,109859.055099854
494,693011,1783985737.6699111,109859.748060783
495,10036811,1783985747.706988,109869.785137692
496,2801103,1783985750.5081384,109872.586288092
497,1972657,1783985752.480645,109874.558794329
498,203341,1783985752.6840532,109874.762202755
499,3540819,1783985756.2248893,109878.303038856
500,8169977,1783985764.3948689,109886.4730183
501,260261,1783985764.655014,109886.733163686
502,494776,1783985765.1498287,109887.227978323
503,9896299,1783985775.0466022,109897.124751941
504,523240,1783985775.5694978,109897.647647474
505,607112,1783985776.1766381,109898.254787879
506,5082103,1783985781.2595944,109903.337744036
507,147,1783985781.2597268,109903.337876202
508,3989655,1783985785.2494235,109907.327573163
509,161,1783985785.2495587,109907.327708081
510,623851,1783985785.8725405,109907.950689894
511,7588567,1783985793.4612575,109915.539407109
512,503671,1783985793.9647837,109916.042933339
513,429929,1783985794.3947203,109916.472869861
514,868607,1783985795.2633111,109917.341460667
515,2134365,1783985797.3979447,109919.476094167
516,2769932,1783985800.16774,109922.245889798
517,205026,1783985800.3727198,109922.450869528
518,6225357,1783985806.599054,109928.677203613
519,162,1783985806.599207,109928.677356426
520,266043,1783985806.8645158,109928.94266538
521,182688,1783985807.0470924,109929.125242184
522,4595604,1783985811.6427438,109933.720893394
523,1107775,1783985812.750534,109934.828683864
524,4592450,1783985817.3431191,109939.4212686
525,4052658,1783985821.3957174,109943.473866912
526,5903539,1783985827.2993007,109949.377450067
527,1242937,1783985828.5424132,109950.620563035
528,4849250,1783985833.3916175,109955.469767088
529,6313248,1783985839.7047975,109961.782947002
530,690179,1783985840.3950584,109962.473207923
531,7579265,1783985847.9743207,109970.052470318
532,6631290,1783985854.6057334,109976.683883199
533,3003646,1783985857.609371,109979.687520513
534,7181227,1783985864.7905412,109986.868690609
535,6678592,1783985871.4693277,109993.54747718
536,1079360,1783985872.5485306,109994.626680157
537,14273477,1783985886.8223057,110008.900455387
538,1622,1783985886.8234928,110008.901642328
539,3025746,1783985889.8495939,110011.927743486
540,1654940,1783985891.505328,110013.583477512
541,152,1783985891.5054724,110013.583621998
542,163511,1783985891.668094,110013.746243422
543,2143002,1783985893.8111434,110015.889293074
544,1816581,1783985895.6277142,110017.705863622
545,4895803,1783985900.5236444,110022.601793895
546,3468710,1783985903.99232,110026.070469567
547,510914,1783985904.5030982,110026.581248622
548,780750,1783985905.2839422,110027.362091767
549,7969865,1783985913.253997,110035.332146699
550,996342,1783985914.2501233,110036.328272818
551,1188603,1783985915.4389105,110037.517060123
552,5222766,1783985920.6616287,110042.739778307
553,1117755,1783985921.7793639,110043.857513551
554,10178126,1783985931.9577243,110054.035874589
555,2484478,1783985934.4420702,110056.52021996
556,691193,1783985935.133307,110057.211456593
557,1783655,1783985936.9170303,110058.99517983
558,4541295,1783985941.4583938,110063.536544198
559,3107211,1783985944.5654356,110066.643585218
560,351128,1783985944.9165566,110066.994706081
561,5106401,1783985950.0230627,110072.101212451
562,1224488,1783985951.24835,110073.326499409
563,161,1783985951.2484763,110073.326625511
564,1487037,1783985952.7355206,110074.813670138
565,154,1783985952.735647,110074.813796426
566,8314415,1783985961.049348,110083.12749757
567,721247,1783985961.7706463,110083.848796574
568,1975566,1783985963.7461872,110085.82433693
569,2229424,1783985965.9757454,110088.053895039
570,560919,1783985966.5364904,110088.614639937
571,23695,1783985966.5601723,110088.638321882
572,1423511,1783985967.9845145,110090.062664079
573,161,1783985967.984639,110090.062788329
574,4767571,1783985972.7515237,110094.829673462
575,3187268,1783985975.9387844,110098.016933792
576,1321294,1783985977.261083,110099.339232687
577,148,1783985977.2612493,110099.339398852
578,2370200,1783985979.6305945,110101.70874429
579,2230571,1783985981.8611262,110103.939275782
580,2235303,1783985984.0963721,110106.174521976
581,187088,1783985984.283426,110106.361575665
582,239674,1783985984.5230973,110106.601247404
583,2462769,1783985986.9867048,110109.064854352
584,152,1783985986.9868207,110109.064970017
585,212723,1783985987.1987708,110109.276920367
586,2240457,1783985989.440053,110111.518202685
587,146,1783985989.4402025,110111.518351846
588,141980,1783985989.5813134,110111.659462958
589,2841745,1783985992.4231532,110114.50130318
590,2117130,1783985994.5403748,110116.618524894
591,153242,1783985994.6934984,110116.771648106
592,968138,1783985995.6616304,110117.73978003
593,1138325,1783985996.8001764,110118.878325942
594,2350649,1783985999.1505208,110121.228670562
595,1745090,1783986000.8953695,110122.973519041
596,1759571,1783986002.654822,110124.732971578
597,7666561,1783986010.3207374,110132.398886951
598,784527,1783986011.1052713,110133.183420974
599,803142,1783986011.9097648,110133.987914468
600,606256,1783986012.5143876,110134.59253734
601,1796800,1783986014.311205,110136.389354355
602,928998,1783986015.2400537,110137.318203332
603,1842980,1783986017.082878,110139.161027908
604,3708322,1783986020.791017,110142.869166536
605,2181697,1783986022.972477,110145.050626615
606,392597,1783986023.3650703,110145.443219824
607,2950549,1783986026.3153718,110148.393521384
608,4595990,1783986030.9111552,110152.989305108
609,7913092,1783986038.82351,110160.901659602
610,9651474,1783986048.4741309,110170.552280478
611,1208924,1783986049.6829317,110171.761081168
612,1186373,1783986050.8693793,110172.94752906
613,7422973,1783986058.2919383,110180.370088106
614,3140311,1783986061.4318886,110183.510038154
615,3084784,1783986064.5163343,110186.594483992
616,2884679,1783986067.4007678,110189.478917353
617,12382960,1783986079.7830951,110201.861244506
618,3623560,1783986083.4061055,110205.484255296
619,1354747,1783986084.7607856,110206.838935368
620,3007931,1783986087.7684894,110209.846639114
621,4553617,1783986092.321968,110214.400117577
622,795070,1783986093.1167395,110215.194889118
623,98293,1783986093.215012,110215.293161504
624,6130899,1783986099.3455658,110221.423715227
625,715111,1783986100.0605586,110222.138708175
626,5637561,1783986105.6977792,110227.775928668
627,94555,1783986105.7925713,110227.870721102
628,5288550,1783986111.0805094,110233.158658971
629,1148911,1783986112.2293396,110234.307489266
630,1274241,1783986113.5035038,110235.581653409
631,858059,1783986114.3614752,110236.439624936
632,6540933,1783986120.9020185,110242.980168191
633,6467570,1783986127.3692884,110249.447437887
634,8752716,1783986136.122013,110258.200162817
635,163,1783986136.1221411,110258.200290534
636,8534095,1783986144.6549258,110266.733075341
637,1386326,1783986146.0413013,110268.119450833
638,2246089,1783986148.2871032,110270.365252785
639,2592609,1783986150.8795373,110272.957687007
640,82387,1783986150.9625385,110273.040688734
641,164,1783986150.9626665,110273.040815974
642,1175743,1783986152.1377847,110274.215934294
643,1695516,1783986153.8332143,110275.911363752
644,1024757,1783986154.857849,110276.93599839
645,1673321,1783986156.531177,110278.609326607
646,2265646,1783986158.796642,110280.874791715
647,5531367,1783986164.327622,110286.405771539
648,5555801,1783986169.8831546,110291.961304402
649,4855364,1783986174.7382123,110296.816361806
650,1849173,1783986176.587473,110298.665622483
651,862404,1783986177.449471,110299.527620684
652,1912810,1783986179.3622777,110301.440427387
653,1163817,1783986180.5260375,110302.604186967
654,1382109,1783986181.908131,110303.986280495
655,4205190,1783986186.113053,110308.191202609
656,1973859,1783986188.0867636,110310.164913067
657,102783,1783986188.1893744,110310.267524136
658,13118670,1783986201.3074381,110323.385587684
659,5777573,1783986207.0846958,110329.162845263
660,6920981,1783986214.0051184,110336.083267931
661,1588028,1783986215.5931115,110337.671261185
662,31983,1783986215.6249793,110337.703128965
663,2768965,1783986218.3938186,110340.471968108
664,6900132,1783986225.29356,110347.371709486
665,599593,1783986225.8932776,110347.971427431
666,1634926,1783986227.528121,110349.606270634
667,2969434,1783986230.4980931,110352.576242553
668,148,1783986230.4982662,110352.576415964
669,298788,1783986230.7962475,110352.874397033
670,2541919,1783986233.3380647,110355.416214104
671,450913,1783986233.7895513,110355.867700995
672,145,1783986233.789702,110355.867851394
673,2252120,1783986236.0410771,110358.119227003
674,3401717,1783986239.4425254,110361.520675094
675,3723517,1783986243.1659694,110365.244118889
676,860375,1783986244.0261295,110366.104279062
677,1095421,1783986245.1215615,110367.199710991
678,4840668,1783986249.9620597,110372.040209375
679,866194,1783986250.8280368,110372.906186406
680,1025046,1783986251.8531008,110373.931250464
681,78968,1783986251.9319181,110374.010067645
682,1650446,1783986253.5825133,110375.660663057
683,6372391,1783986259.9544752,110382.032624927
684,2701254,1783986262.6555855,110384.733735085
685,2039292,1783986264.6947112,110386.772860847
686,125705,1783986264.8203468,110386.898496529
687,253139,1783986265.0734363,110387.151585605
688,2105413,1783986267.1788921,110389.257041505
689,15166,1783986267.1937954,110389.27194479
690,2417327,1783986269.611264,110391.68941344
691,3228183,1783986272.8401186,110394.91826817
692,163,1783986272.8403387,110394.918488198
693,1532811,1783986274.3722053,110396.450355001
694,566332,1783986274.9383922,110397.01654173
695,3266102,1783986278.2043288,110400.282478482
696,12173352,1783986290.3772388,110412.455388443
697,3437331,1783986293.8143651,110415.892514803
698,2220367,1783986296.0344782,110418.112627731
699,466796,1783986296.501351,110418.57950089
700,1788246,1783986298.2894816,110420.367631664
701,300027,1783986298.5893133,110420.66746274
702,2489202,1783986301.078525,110423.156674739
703,6647852,1783986307.7260926,110429.804242226
704,2245318,1783986309.9712024,110432.04935187
705,1743724,1783986311.7148259,110433.79297558
706,256904,1783986311.971626,110434.049775445
707,4739929,1783986316.7113988,110438.789548365
708,1398101,1783986318.1094813,110440.187630831
709,7132891,1783986325.2420545,110447.320204007
710,267173,1783986325.5090604,110447.587209985
711,490648,1783986325.9997222,110448.077871967
712,3377856,1783986329.377458,110451.455607783
713,2236372,1783986331.6137505,110453.691900188
714,5729691,1783986337.3431947,110459.421344236
715,6036416,1783986343.379401,110465.457551132
716,681210,1783986344.0612087,110466.139358359
717,160,1783986344.0613434,110466.139493027
718,2339494,1783986346.4001381,110468.478287976
719,964769,1783986347.3655176,110469.443667013
720,161,1783986347.3657086,110469.443857915
721,207596,1783986347.572491,110469.650640556
722,1898867,1783986349.4713385,110471.54948813
723,174431,1783986349.6456964,110471.723846176
724,505018,1783986350.1507006,110472.228850191
725,2248031,1783986352.398658,110474.476807497
726,1236758,1783986353.6353233,110475.713473002
727,2493888,1783986356.1290832,110478.207232738
728,8418843,1783986364.5475886,110486.625738275
729,84842,1783986364.632431,110486.710580762
730,629587,1783986365.2618892,110487.340038903
731,1256800,1783986366.5187464,110488.596895847
732,1814385,1783986368.333929,110490.412078489
733,155,1783986368.3341172,110490.412266675
734,152382,1783986368.4854605,110490.563610181
735,1766211,1783986370.2517097,110492.329859395
736,2122515,1783986372.3742056,110494.452355317
737,3264243,1783986375.63829,110497.716439621
738,7260770,1783986382.8986158,110504.976765432
739,10386720,1783986393.2849789,110515.363128543
740,355705,1783986393.6404705,110515.718620008
741,44162,1783986393.6845627,110515.762712357
742,6785944,1783986400.470485,110522.548634465
743,4351119,1783986404.8221748,110526.900324189
744,149,1783986404.8223503,110526.900499742
745,3493167,1783986408.314574,110530.392723692
746,6821474,1783986415.1357968,110537.213946299
747,8901327,1783986424.0366573,110546.114806902
748,9637350,1783986433.6735392,110555.751688739
749,408290,1783986434.0817275,110556.159877652
750,4795293,1783986438.876953,110560.955102408
751,6904275,1783986445.7810318,110567.859181562
752,285341,1783986446.0662575,110568.144406926
753,34921,1783986446.101057,110568.179206723
754,3164568,1783986449.2656503,110571.343799834
755,2879505,1783986452.145106,110574.223255631
756,1941983,1783986454.0869358,110576.165085234
757,1888166,1783986455.9758298,110578.053979367
758,162,1783986455.9759834,110578.054132926
759,1168134,1783986457.1432834,110579.221433103
760,4588960,1783986461.7321153,110583.810264852
761,473842,1783986462.2057903,110584.283940378
762,3557025,1783986465.762804,110587.840953568
763,330710,1783986466.0933688,110588.171518418
764,5424797,1783986471.518042,110593.596191738
765,787845,1783986472.3058233,110594.383972784
766,3912665,1783986476.2185125,110598.296662314
767,3603874,1783986479.8221383,110601.90028807
768,624672,1783986480.4466953,110602.52484492
769,604404,1783986481.0511847,110603.129334199
770,2258593,1783986483.3096743,110605.387823818
771,91955,1783986483.4014373,110605.479586699
772,156874,1783986483.5584435,110605.636593323
773,29035,1783986483.5873818,110605.665531515
774,1217827,1783986484.8054118,110606.88356152
775,6537885,1783986491.342907,110613.421056443
776,1555126,1783986492.8979528,110614.97610239
777,2278222,1783986495.176164,110617.254313374
778,3933050,1783986499.1090522,110621.187201732
779,2173946,1783986501.282878,110623.36102769
780,369551,1783986501.6523268,110623.730476587
781,3419230,1783986505.071716,110627.149865737
782,4055867,1783986509.1272993,110631.20544893
783,6891917,1783986516.019109,110638.097258817
784,3567044,1783986519.5857787,110641.663928353
785,498697,1783986520.0844724,110642.162622043
786,1540912,1783986521.6254065,110643.703556274
787,2479729,1783986524.1051025,110646.183252107
788,9994007,1783986534.098666,110656.176815535
789,1283740,1783986535.3824704,110657.460620054
790,527274,1783986535.9095306,110657.98768021
791,3124571,1783986539.034072,110661.112221352
792,641716,1783986539.6756718,110661.753821287
793,1018056,1783986540.6939495,110662.772099139
794,7280725,1783986547.9742763,110670.052426078
795,4645735,1783986552.619803,110674.697952457
796,2524511,1783986555.1442978,110677.222447272
797,1299130,1783986556.443393,110678.521542453
798,126108,1783986556.5696213,110678.647770867
799,1434363,1783986558.0038357,110680.081985043
800,6473643,1783986564.4772134,110686.555363117
801,23240465,1783986587.7170932,110709.795242572
802,2570451,1783986590.2873373,110712.36548678
803,1114559,1783986591.401826,110713.479975291
804,410192,1783986591.8119698,110713.890119348
805,6589300,1783986598.4010735,110720.479222935
806,2734565,1783986601.1356502,110723.213799565
807,4405836,1783986605.5412164,110727.619365738
808,2641200,1783986608.182299,110730.260448541
809,1952386,1783986610.134642,110732.212791393
810,3489935,1783986613.624555,110735.702704616
811,4044567,1783986617.6691008,110739.747250425
812,2306461,1783986619.9753706,110742.053520341
813,19832,1783986619.995028,110742.073177502
814,1037290,1783986621.0323775,110743.110527162
815,6765720,1783986627.797974,110749.87612408
816,301880,1783986628.0996654,110750.177815094
817,139554,1783986628.239206,110750.317355779
818,1354960,1783986629.5942302,110751.672379723
819,3986874,1783986633.5810497,110755.659199196
820,2217942,1783986635.7988267,110757.876976287
821,516990,1783986636.3157468,110758.393896338
822,147735,1783986636.4634993,110758.541648821
823,95816,1783986636.5591998,110758.637349419
824,1083205,1783986637.6425216,110759.72067128
825,1001496,1783986638.6440182,110760.722167836
826,1798201,1783986640.4422748,110762.520424332
827,107799,1783986640.549965,110762.628114356
828,1184792,1783986641.7347362,110763.812885725
829,413296,1783986642.1479175,110764.226067148
830,204384,1783986642.352407,110764.430556549
831,784076,1783986643.137213,110765.215362506
832,148,1783986643.1373632,110765.215512639
833,502506,1783986643.6391506,110765.717300285
834,751765,1783986644.3908913,110766.46904081
835,561968,1783986644.953502,110767.031651381
836,162,1783986644.953739,110767.031888404
837,9601006,1783986654.5536556,110776.63180528
838,1931528,1783986656.4851716,110778.563321027
839,779837,1783986657.2650254,110779.34317506
840,922566,1783986658.187412,110780.265561465
841,2335511,1783986660.5230443,110782.601194031
842,1163428,1783986661.6864035,110783.764553587
843,717832,1783986662.404962,110784.483111503
844,162,1783986662.405122,110784.483271449
845,8665448,1783986671.0695019,110793.147651585
846,405927,1783986671.4753437,110793.553493082
847,334594,1783986671.8100185,110793.888168154
848,3045918,1783986674.855979,110796.934128611
849,1648672,1783986676.5044158,110798.582565417
850,511727,1783986677.016006,110799.094155476
851,365926,1783986677.3819978,110799.460147486
852,4255855,1783986681.637845,110803.7159946
853,3088151,1783986684.7258222,110806.803971912
854,2546096,1783986687.2726932,110809.350842819
855,162,1783986687.2728896,110809.351039018
856,1083126,1783986688.3551307,110810.433280186
857,1099377,1783986689.4545507,110811.532700369
858,4492711,1783986693.947004,110816.02515391
859,3250601,1783986697.197612,110819.275761608
860,5328808,1783986702.5262234,110824.604372989
861,10197348,1783986712.7233975,110834.801547061
862,1060807,1783986713.78403,110835.862179667
863,1733229,1783986715.5173228,110837.595472325
864,457478,1783986715.974682,110838.052831676
865,1065784,1783986717.0413263,110839.119476473
866,152,1783986717.0414903,110839.119639788
867,1231222,1783986718.271836,110840.34998565
868,1115759,1783986719.3874826,110841.465632338
869,801726,1783986720.1891508,110842.267300482
870,983585,1783986721.172666,110843.250815737
871,609513,1783986721.7822115,110843.86036114
872,944322,1783986722.726504,110844.804653796
873,855862,1783986723.5824125,110845.660562181
874,1224740,1783986724.8071222,110846.885271748
875,1286759,1783986726.093996,110848.1721457
876,1505387,1783986727.599303,110849.677452532
877,8233022,1783986735.8320704,110857.910220014
878,166867,1783986735.999639,110858.077789009
879,146,1783986735.9997687,110858.077918409
880,1323126,1783986737.3221214,110859.400271086
881,4169968,1783986741.4927595,110863.570909177
882,146,1783986741.4929984,110863.571147829
883,2482317,1783986743.974412,110866.052561592
884,4537673,1783986748.5126963,110870.590846571
885,162,1783986748.5128236,110870.59097314
886,904320,1783986749.4170654,110871.495215013
887,162,1783986749.4172366,110871.495385955
888,2121386,1783986751.5379212,110873.616071352
889,959069,1783986752.4968333,110874.574982879
890,12899376,1783986765.3961728,110887.474322218
891,6896553,1783986772.2931416,110894.371290974
892,163,1783986772.2932909,110894.371440137
893,2459341,1783986774.7517345,110896.829883966
894,2627982,1783986777.3797045,110899.457854135
895,1685686,1783986779.0653577,110901.143507164
896,1928497,1783986780.9938796,110903.072029011
897,2790785,1783986783.784495,110905.862644671
898,3878158,1783986787.6625018,110909.740651639
899,315949,1783986787.9784737,110910.056623335
900,771762,1783986788.750116,110910.828265698
901,3435551,1783986792.1858299,110914.263979643
902,190671,1783986792.3763123,110914.454461892
903,3167295,1783986795.543696,110917.621845538
904,9621290,1783986805.1646287,110927.242778299
905,3243972,1783986808.4085503,110930.486699737
906,2898030,1783986811.306606,110933.384755709
907,683231,1783986811.9896963,110934.067845809
908,6185548,1783986818.1750615,110940.253211127
909,1286456,1783986819.4615273,110941.539676852
910,4728424,1783986824.189873,110946.268022636
911,227767,1783986824.4175117,110946.495661195
912,408769,1783986824.826336,110946.904485545
913,908078,1783986825.7343185,110947.812468219
914,717049,1783986826.4514158,110948.529565329
915,284945,1783986826.736359,110948.814508413
916,3166383,1783986829.9034872,110951.981636784
917,152,1783986829.903614,110951.981763431
918,3783849,1783986833.6866498,110955.764799395
919,4776570,1783986838.4631264,110960.541276069
920,6195044,1783986844.6580153,110966.736164853
921,1388758,1783986846.046747,110968.124896395
922,1424159,1783986847.4708476,110969.548997038
923,926851,1783986848.3975215,110970.475671016
924,3811186,1783986852.2087486,110974.286898301
925,2821325,1783986855.0300353,110977.108184843
926,2411815,1783986857.4417803,110979.519930009
927,657434,1783986858.0999315,110980.178080877
928,148,1783986858.1000597,110980.178209003
929,991700,1783986859.0917914,110981.169940841
930,151,1783986859.0919383,110981.170087787
931,1396336,1783986860.4875047,110982.565654246
932,988937,1783986861.4762974,110983.554446991
933,1214740,1783986862.6911378,110984.769287424
934,1032048,1783986863.7231905,110985.801340234
935,17253,1783986863.740236,110985.818385503
936,1029544,1783986864.7699597,110986.848109359
937,1310239,1783986866.080153,110988.158302827
938,589063,1783986866.6690576,110988.747206987
939,7714119,1783986874.3831391,110996.461288587
940,2109419,1783986876.492585,110998.570734564
941,882297,1783986877.3746972,110999.452846778
942,627156,1783986878.00258,111000.080729578
943,151,1783986878.0027144,111000.080863871
944,4314974,1783986882.3178349,111004.395984278
945,163,1783986882.3180494,111004.396199045
946,9722376,1783986892.0393085,111014.117458007
947,5566742,1783986897.605877,111019.684026515
948,652463,1783986898.258272,111020.33642154
949,1906112,1783986900.1644075,111022.242557242
950,6556745,1783986906.7210011,111028.799150805
951,4874855,1783986911.595828,111033.67397754
952,3581910,1783986915.177676,111037.255825464
953,1271894,1783986916.4502628,111038.52841249
954,150,1783986916.4504564,111038.5286058
955,1125969,1783986917.575553,111039.65370272
956,1273348,1783986918.84885,111040.926999501
957,2514300,1783986921.3631184,111043.441267939
958,4391419,1783986925.7544003,111047.832549847
959,546339,1783986926.3007247,111048.378874341
960,823878,1783986927.1245198,111049.202669543
961,1951888,1783986929.0765426,111051.154692229
962,3235728,1783986932.3121393,111054.390288729
963,3971786,1783986936.283936,111058.362085468
964,122020,1783986936.4058402,111058.483990355
965,2131785,1783986938.5375946,111060.615744166
966,893372,1783986939.430958,111061.509107709
967,7367061,1783986946.7979228,111068.876072474
968,39496,1783986946.8371363,111068.915285865
969,639743,1783986947.477056,111069.555205637
970,6814350,1783986954.2920306,111076.370180133
971,165,1783986954.2921565,111076.370305889
972,44316,1783986954.3356154,111076.413765023
973,2248645,1783986956.584341,111078.662490645
974,669537,1783986957.2538452,111079.33199499
975,644816,1783986957.8986108,111079.976760694
976,807552,1783986958.7060957,111080.784245181
977,7931003,1783986966.6372845,111088.71543474
978,501042,1783986967.1380796,111089.216229215
979,10907451,1783986978.0456433,111100.12379296
980,12017,1783986978.0573137,111100.135463213
981,3435894,1783986981.4930983,111103.57124795
982,10376547,1783986991.8695793,111113.947728859
983,6279836,1783986998.1492429,111120.227392406
984,9959946,1783987008.1090713,111130.187221024
985,9377885,1783987017.4867096,111139.564858982
986,1111651,1783987018.5982916,111140.676441256
987,3471652,1783987022.0699966,111144.148146157
988,6392068,1783987028.4618468,111150.539996328
989,6516323,1783987034.9780993,111157.056249023
990,600073,1783987035.5780342,111157.656183708
991,69131,1783987035.6471205,111157.725269913
992,6357411,1783987042.0045507,111164.082700299
993,4144294,1783987046.1495483,111168.227698255
994,148,1783987046.149706,111168.227855495
995,530163,1783987046.6790369,111168.757186477
996,3004551,1783987049.6835556,111171.761705249
997,3404325,1783987053.087825,111175.165974769
998,75261,1783987053.162862,111175.241011769
999,5537168,1783987058.7001317,111180.778281267
1000,3732294,1783987062.4324741,111184.510623758
1001,987162,1783987063.4195251,111185.497674642
1002,1381903,1783987064.801438,111186.879587716
1003,1139301,1783987065.940758,111188.018907479
1004,16100490,1783987082.0410953,111204.119244613
1005,4085974,1783987086.12684,111208.20498965
1006,567850,1783987086.6947088,111208.772858816
1007,2674217,1783987089.3689277,111211.447077254
1008,1984557,1783987091.3534417,111213.431591332
1009,2547196,1783987093.901415,111215.979564602
1010,156,1783987093.9015522,111215.979701707
1011,1702777,1783987095.6034522,111217.681601742
1012,8386632,1783987103.9900343,111226.068184063
1013,6512816,1783987110.502577,111232.58072727
1014,8457675,1783987118.9602327,111241.038382595
1015,326807,1783987119.2869036,111241.365053231
1016,402461,1783987119.689447,111241.767596513
1017,436936,1783987120.1262236,111242.204373191
1018,2086256,1783987122.2125113,111244.290660844
1019,2455605,1783987124.6681364,111246.746286094
1020,5421678,1783987130.0897367,111252.167886347
1021,864242,1783987130.953886,111253.032035482
1022,1101325,1783987132.0552952,111254.133444817
1023,2476006,1783987134.5312514,111256.60940107
1024,414480,1783987134.9455755,111257.023725047
1025,4913526,1783987139.859093,111261.93724262
1026,1432205,1783987141.2912536,111263.369403068
1027,5811259,1783987147.1025448,111269.180694373
1028,270807,1783987147.3731692,111269.451318712
1029,6119735,1783987153.4928715,111275.571020896
1030,1951198,1783987155.444884,111277.523033533
1031,150,1783987155.4450576,111277.523207114
1032,2302136,1783987157.7471697,111279.825319413
1033,163,1783987157.7473497,111279.825499334
1034,1931537,1783987159.678953,111281.75710257
1035,162,1783987159.6790764,111281.757225868
1036,956722,1783987160.635631,111282.71378068
1037,163,1783987160.635846,111282.71399546
1038,8674744,1783987169.310456,111291.38860564
1039,166,1783987169.3107336,111291.388883167
1040,4291118,1783987173.600801,111295.678950707
1041,138046,1783987173.7388055,111295.816955041
1042,882661,1783987174.6214187,111296.699568389
1043,2698486,1783987177.319969,111299.398118506
1044,3342465,1783987180.6623347,111302.740484381
1045,979577,1783987181.6418233,111303.71997269
1046,1398687,1783987183.0406659,111305.118815757
1047,11626,1783987183.052049,111305.13019846
1048,176811,1783987183.2297876,111305.307937295
1049,163,1783987183.229983,111305.308132397
1050,1728884,1783987184.958117,111307.036266647
1051,99601,1783987185.0601318,111307.138281602
1052,2451129,1783987187.5086799,111309.586829529
1053,1794192,1783987189.302875,111311.38102469
1054,5454631,1783987194.7574377,111316.835587204
1055,217901,1783987194.9762306,111317.054380358
1056,152,1783987194.976435,111317.054584752
1057,430657,1783987195.4061298,111317.484279546
1058,501558,1783987195.9075735,111317.985723043
1059,4224981,1783987200.1325917,111322.210741147
1060,1337116,1783987201.4696507,111323.547800356
1061,465999,1783987201.9356272,111324.013776746
1062,407359,1783987202.34299,111324.421139444
1063,695748,1783987203.038664,111325.116813676
1064,2081888,1783987205.1206248,111327.19877457
1065,3344297,1783987208.464951,111330.543100602
1066,11362282,1783987219.8270354,111341.90518492
1067,10859635,1783987230.6864681,111352.764617732
1068,1310004,1783987231.9964871,111354.074636952
1069,6221098,1783987238.217399,111360.295548316
1070,2286330,1783987240.503703,111362.581852749
1071,2863229,1783987243.3668847,111365.445034186
1072,4254423,1783987247.6212416,111369.699391129
1073,1152291,1783987248.7736294,111370.851779014
1074,1349728,1783987250.1232271,111372.201376684
1075,649759,1783987250.7728662,111372.8510159
1076,1227291,1783987252.000209,111374.078358892
1077,297059,1783987252.297195,111374.375344592
1078,5451929,1783987257.7492101,111379.827359877
1079,3182163,1783987260.9322388,111383.010388268
1080,157,1783987260.9323952,111383.010544687
1081,7476991,1783987268.4083257,111390.486475267
1082,510118,1783987268.9191406,111390.997290146
1083,158,1783987268.919266,111390.99741542
1084,6202367,1783987275.12082,111397.198969742
1085,6121243,1783987281.242029,111403.320178684
1086,12188319,1783987293.4302056,111415.508355386
1087,1316077,1783987294.7462213,111416.824371012
1088,357613,1783987295.103762,111417.18191144
1089,3459479,1783987298.563221,111420.641370663
1090,1442241,1783987300.0053873,111422.083536762
1091,4984902,1783987304.9902978,111427.068447425
1092,6781602,1783987311.7717822,111433.849931918
1093,9537,1783987311.7809927,111433.859142437
1094,1494298,1783987313.275578,111435.353727629
1095,5281989,1783987318.5574515,111440.635601065
1096,1447562,1783987320.0050447,111442.083194338
1097,236869,1783987320.2418408,111442.319990454
1098,106848,1783987320.3486428,111442.426792424
1099,2330328,1783987322.6789722,111444.757121846
1100,335593,1783987323.0144806,111445.092630285
1101,3913575,1783987326.9281094,111449.006258861
1102,1019604,1783987327.9477475,111450.025897268
1103,1315389,1783987329.2631426,111451.341292367
1104,5721481,1783987334.9845068,111457.062656379
1105,5348434,1783987340.3330655,111462.411214941
1106,7111531,1783987347.4443843,111469.522533873
1107,1568828,1783987349.0131462,111471.091295489
1108,928941,1783987349.9420123,111472.020162072
1109,2847526,1783987352.7895827,111474.867732418
1110,4417820,1783987357.2072484,111479.285398084
1111,2438043,1783987359.6455204,111481.723669882
1112,7738133,1783987367.3833003,111489.461449833
1113,1277701,1783987368.6610126,111490.739162199
1114,3046605,1783987371.7074785,111493.785628103
1115,1308414,1783987373.0159526,111495.094102158
1116,6112589,1783987379.1284022,111501.206551698
1117,5791297,1783987384.9197328,111506.99788224
1118,4529200,1783987389.4487479,111511.52689724
1119,2073031,1783987391.5218,111513.599949472
1120,114549,1783987391.6364708,111513.714620336
1121,143406,1783987391.7796292,111513.857779214
1122,537970,1783987392.3175693,111514.395718786
1123,802759,1783987393.120449,111515.198598625
1124,1725444,1783987394.8459077,111516.924057316
1125,2317839,1783987397.1636834,111519.241833006
1126,251088,1783987397.4147332,111519.492882598
1127,2427329,1783987399.8420913,111521.920240867
1128,792697,1783987400.6346765,111522.712825936
1129,10548702,1783987411.1833763,111533.261526049
1130,3012983,1783987414.1962748,111536.274424155
1131,267676,1783987414.4638097,111536.541959349
1132,6057711,1783987420.5215547,111542.599704295
1133,1028478,1783987421.5500958,111543.628245372
1134,3919367,1783987425.4693754,111547.54752519
1135,896538,1783987426.3657212,111548.44387093
1136,142542,1783987426.5083003,111548.586449845
1137,2542608,1783987429.0510044,111551.129154004
1138,1206089,1783987430.2570179,111552.335167519
1139,8406726,1783987438.6636298,111560.741779358
1140,228268,1783987438.8919451,111560.970094722
1141,840923,1783987439.7327104,111561.810859993
1142,1317463,1783987441.0502675,111563.128416978
1143,866307,1783987441.9164252,111563.99457476
1144,2757969,1783987444.6745646,111566.752714185
1145,1198349,1783987445.8729517,111567.951101492
1146,2305747,1783987448.178519,111570.256668647
1147,863496,1783987449.0420501,111571.120199894
1148,1820868,1783987450.8628619,111572.941011459
1149,473581,1783987451.3364964,111573.414646832
1150,1708222,1783987453.0447416,111575.122891434
1151,2880324,1783987455.9249928,111578.003142232
1152,2752227,1783987458.6771915,111580.755340887
1153,62010,1783987458.7390912,111580.817240714
1154,97200,1783987458.8370745,111580.915224
1155,149,1783987458.8372145,111580.915363845
1156,5399265,1783987464.2356508,111586.313800496
1157,2106397,1783987466.3421159,111588.42026555
1158,196036,1783987466.5380964,111588.616246078
1159,1910239,1783987468.4482882,111590.526437958
1160,3613214,1783987472.0615358,111594.139685766
1161,1514773,1783987473.5762904,111595.65443984
1162,1508926,1783987475.0853248,111597.163474455
1163,3299014,1783987478.384972,111600.463121494
1164,146,1783987478.3851025,111600.463252026
1165,4402320,1783987482.7865386,111604.864688041
1166,2713844,1783987485.5003283,111607.578477802
1167,2557155,1783987488.0573497,111610.135499057
1168,34824,1783987488.0920186,111610.170168129
1169,1857917,1783987489.9501636,111612.028313317
1170,731962,1783987490.6820016,111612.760151105
1171,5216560,1783987495.8987184,111617.976867968
1172,812775,1783987496.7114289,111618.789578325
1173,6774522,1783987503.4857883,111625.563938375
1174,2162818,1783987505.6486325,111627.726782133
1175,411924,1783987506.0603995,111628.13854912
1176,600648,1783987506.660994,111628.739143663
1177,1574345,1783987508.2354476,111630.313597302
1178,198890,1783987508.4341714,111630.512320969
1179,2102150,1783987510.536412,111632.614561387
1180,1460147,1783987511.9965513,111634.074700752
1181,24369626,1783987536.366191,111658.444340365
1182,26575,1783987536.3929474,111658.471097018
1183,523060,1783987536.915445,111658.993594696
1184,10908147,1783987547.823609,111669.901758695
1185,2217094,1783987550.0406544,111672.118803956
1186,1233732,1783987551.274412,111673.352561616
1187,8367002,1783987559.6412797,111681.719429534
1188,1118703,1783987560.7601378,111682.838287409
1189,1343102,1783987562.1029983,111684.181147911
1190,9136923,1783987571.2398064,111693.317956029
1191,601412,1783987571.8410785,111693.919228143
1192,3645503,1783987575.4867122,111697.5648621
1193,1098675,1783987576.5855417,111698.663691308
1194,1349932,1783987577.9353964,111700.013546073
1195,1880258,1783987579.8154585,111701.893608069
1196,585125,1783987580.4005039,111702.478653407
1197,1361144,1783987581.7616823,111703.839831766
1198,740625,1783987582.5022447,111704.580394237
1199,1590976,1783987584.0932336,111706.171383308
1200,570983,1783987584.664284,111706.742433628
1201,1143014,1783987585.8082018,111707.886351386
1202,162,1783987585.8083436,111707.886493
1203,2617641,1783987588.4251208,111710.503270283
1204,2178376,1783987590.6042845,111712.682434046
1205,164,1783987590.6044438,111712.682593285
1206,4197824,1783987594.801297,111716.879446546
1207,1545377,1783987596.347531,111718.425680442
1208,146,1783987596.347661,111718.425810424
1209,3120181,1783987599.4669585,111721.54510835
1210,138580,1783987599.605533,111721.683682508
1211,3332611,1783987602.938238,111725.016387403
1212,1753914,1783987604.6921017,111726.77025126
1213,3172708,1783987607.8646963,111729.942845854
1214,1312438,1783987609.178035,111731.256184695
1215,150,1783987609.1782186,111731.256367939
1216,3666400,1783987612.843629,111734.921778307
1217,2729239,1783987615.5736253,111737.651774973
1218,155,1783987615.573801,111737.651950502
1219,151554,1783987615.724449,111737.802598636
1220,5351361,1783987621.0758147,111743.153964276
1221,355998,1783987621.4324996,111743.51064929
1222,37668,1783987621.4693792,111743.54752869
1223,4798621,1783987626.268061,111748.34621068
1224,2901456,1783987629.169439,111751.247588649
1225,126516,1783987629.2958343,111751.373984014
1226,364853,1783987629.6607866,111751.738936256
1227,3541636,1783987633.2025847,111755.280734588
1228,1377302,1783987634.5806127,111756.658762186
1229,162,1783987634.5807536,111756.658903222
1230,502771,1783987635.0826397,111757.160789391
1231,5959731,1783987641.0422976,111763.120447231
1232,5915493,1783987646.9577887,111769.035938297
1233,207641,1783987647.1652358,111769.243385359
1234,16791,1783987647.1820912,111769.260240658
1235,5576562,1783987652.7586913,111774.836840926
1236,2359887,1783987655.1184783,111777.19662782
1237,2697925,1783987657.8163583,111779.894507993
1238,3851788,1783987661.6682403,111783.746390023
1239,1627130,1783987663.2952378,111785.37338736
1240,3838459,1783987667.1336899,111789.211839463
1241,1456096,1783987668.5897665,111790.667915961
1242,467360,1783987669.0570335,111791.135183065
1243,3065423,1783987672.1224875,111794.200637221
1244,2729190,1783987674.8516455,111796.929794935
1245,4796916,1783987679.648516,111801.726665483
1246,4136008,1783987683.7853136,111805.863462938
1247,167,1783987683.785495,111805.863644522
1248,2267864,1783987686.0524304,111808.130580036
1249,1219153,1783987687.2716208,111809.349770538
1250,2337322,1783987689.6097302,111811.687879916
1251,146,1783987689.6098697,111811.688019366
1252,634193,1783987690.2431226,111812.321272379
1253,4620499,1783987694.8637748,111816.941924413
1254,654519,1783987695.5184577,111817.596607011
1255,1099160,1783987696.61742,111818.695569469
1256,4211354,1783987700.828787,111822.906936973
1257,74025,1783987700.9024076,111822.980557342
1258,3765247,1783987704.6678133,111826.745962917
1259,747843,1783987705.4155922,111827.493741711
1260,5032820,1783987710.4484544,111832.526603912
1261,525473,1783987710.9738107,111833.051960254
1262,344855,1783987711.3186817,111833.396831194
1263,224918,1783987711.5435455,111833.621695263
1264,1200158,1783987712.7440183,111834.822168196
1265,2417586,1783987715.1615129,111837.239662465
1266,9195506,1783987724.3567638,111846.434913406
1267,9686003,1783987734.042757,111856.120906589
1268,2889757,1783987736.9323802,111859.010529858
1269,3337013,1783987740.269364,111862.347513743
1270,1835841,1783987742.105152,111864.183301493
1271,2785632,1783987744.8908267,111866.968976896
1272,902505,1783987745.793185,111867.871334662
1273,3721937,1783987749.5152,111871.59334951
1274,3956516,1783987753.4716284,111875.549778133
1275,5160964,1783987758.6326492,111880.710798769
1276,329645,1783987758.9621184,111881.040268201
1277,4526969,1783987763.4891524,111885.567302134
1278,5541741,1783987769.0308225,111891.108971938
1279,3571265,1783987772.6020079,111894.680157469
1280,684649,1783987773.2865813,111895.364731127
1281,9595178,1783987782.8817394,111904.959888774
1282,180203,1783987783.0618312,111905.13998061
1283,249366,1783987783.3111858,111905.389335535
1284,320416,1783987783.6316574,111905.709807082
1285,970437,1783987784.6020162,111906.68016572
1286,945701,1783987785.5477853,111907.625935001
1287,1426750,1783987786.974521,111909.052670399
1288,2252929,1783987789.2274566,111911.305606038
1289,693533,1783987789.9209962,111911.999145864
1290,294680,1783987790.2156396,111912.293789065
1291,5280504,1783987795.4961715,111917.574321069
1292,10270215,1783987805.766401,111927.844550614
1293,4891837,1783987810.6579738,111932.736123208
1294,1664775,1783987812.322781,111934.400930908
1295,19763,1783987812.34244,111934.420589689
1296,530684,1783987812.873115,111934.951264761
1297,2341658,1783987815.2148879,111937.293037517
1298,3104093,1783987818.3187878,111940.396937395
1299,731086,1783987819.0498385,111941.127988227
1300,996141,1783987820.0460014,111942.124150931
1301,810230,1783987820.856308,111942.934457775
1302,12565989,1783987833.422179,111955.500328576
1303,4483814,1783987837.9059124,111959.984061889
1304,300749,1783987838.2065744,111960.284723954
1305,3791098,1783987841.997696,111964.075845656
1306,2029476,1783987844.0272098,111966.105359198
1307,430229,1783987844.457311,111966.535460566
1308,10200148,1783987854.657482,111976.735631508
1309,2839135,1783987857.496602,111979.574751601
1310,5003087,1783987862.499613,111984.577762411
1311,2785895,1783987865.2855144,111987.363663751
1312,2683754,1783987867.969179,111990.047328376
1313,6713828,1783987874.683824,111996.761973633
1314,166,1783987874.6840878,111996.762237152
1315,5292118,1783987879.9751148,112002.053264366
1316,3269513,1783987883.2446735,112005.322823103
1317,91577,1783987883.3361,112005.414249792
1318,3374061,1783987886.7102652,112008.788414644
1319,7100590,1783987893.8107276,112015.888877249
1320,2617256,1783987896.428044,112018.506193685
1321,1360592,1783987897.7885218,112019.866671334
1322,4030544,1783987901.819166,112023.897315429
1323,896814,1783987902.715826,112024.793975675
1324,3341619,1783987906.0583742,112028.136523891
1325,150,1783987906.0585935,112028.136743213
1326,3986071,1783987910.0435967,112032.121746488
1327,371174,1783987910.41469,112032.492839505
1328,5600801,1783987916.0155125,112038.093662035
1329,1263597,1783987917.2791529,112039.357302596
1330,1257903,1783987918.5370016,112040.615151325
1331,1241224,1783987919.7782042,112041.856353621
1332,2366730,1783987922.1449535,112044.223103263
1333,4803510,1783987926.9483638,112049.026513532
1334,2919485,1783987929.8678937,112051.946043657
1335,6137708,1783987936.0054357,112058.083585261
1336,1775171,1783987937.7806106,112059.858760251
1337,276558,1783987938.0579095,112060.136059044
1338,161,1783987938.0580392,112060.136188854
1339,2193952,1783987940.2512631,112062.329412913
1340,7342767,1783987947.5939898,112069.672139431
1341,544216,1783987948.1380455,112070.216195052
1342,4786725,1783987952.924795,112075.002944616
1343,3420117,1783987956.3449278,112078.423077207
1344,1571908,1783987957.9167902,112079.994939801
1345,6489266,1783987964.406037,112086.484186675
1346,372901,1783987964.778823,112086.856972553
1347,804423,1783987965.583254,112087.661403627
1348,651359,1783987966.2346408,112088.312790507
1349,3337288,1783987969.5718122,112091.649961659
1350,929104,1783987970.5009508,112092.57910045
1351,442348,1783987970.9432218,112093.021371179
1352,2621881,1783987973.565255,112095.643404635
1353,466424,1783987974.0314639,112096.109613603
